match_id,shot_index,minute,added_time,is_home,player_id,player_name,outcome,situation,body_part,xg,xgot,start_x,start_y,goal_mouth_y,goal_mouth_z,goal_mouth_location
26-27-prem-arsenal-vs-leeds-united,1,90,2.0,True,16.0,,block,assisted,left-foot,0.07,,18.8,45.6,50.5,19.0,low-centre
26-27-prem-arsenal-vs-leeds-united,2,83,,True,15.0,,miss,regular,right-foot,0.5717,,3.0,48.3,66.9,9.7,left
26-27-prem-arsenal-vs-leeds-united,3,75,,True,12.0,,miss,fast-break,left-foot,0.0906,,17.6,61.1,54.3,55.6,close-high
26-27-prem-arsenal-vs-leeds-united,4,70,,True,,,goal,assisted,right-foot,0.0978,0.3478,17.8,47.7,53.6,1.9,low-left
26-27-prem-arsenal-vs-leeds-united,5,67,,True,8.0,,miss,corner,left-foot,0.0704,,15.1,45.3,68.4,34.7,left
26-27-prem-arsenal-vs-leeds-united,6,64,,False,331.0,,miss,throw-in-set-piece,left-foot,0.0171,,28.4,51.8,49.2,83.3,high
26-27-prem-arsenal-vs-leeds-united,7,62,,True,8.0,,goal,assisted,left-foot,0.6718,0.7884,4.5,48.0,51.4,28.5,high-centre
26-27-prem-arsenal-vs-leeds-united,8,62,,True,16.0,,block,assisted,right-foot,0.0171,,15.1,26.5,49.3,19.0,low-centre
26-27-prem-arsenal-vs-leeds-united,9,55,,False,332.0,,goal,assisted,right-foot,0.1263,0.8038,7.7,68.6,53.9,23.4,high-left
26-27-prem-arsenal-vs-leeds-united,10,53,,False,,,save,assisted,right-foot,0.0916,0.1376,21.9,46.0,50.9,29.1,high-centre
26-27-prem-arsenal-vs-leeds-united,11,52,,False,332.0,,miss,assisted,left-foot,0.0311,,20.6,65.2,58.8,47.2,close-high-left
26-27-prem-arsenal-vs-leeds-united,12,51,,True,15.0,,save,assisted,left-foot,0.1353,0.0797,15.6,45.5,48.1,6.3,low-right
26-27-prem-arsenal-vs-leeds-united,13,45,,False,335.0,,miss,throw-in-set-piece,head,0.0207,,8.9,36.7,42.5,11.1,close-right
26-27-prem-arsenal-vs-leeds-united,14,44,,False,331.0,,save,assisted,left-foot,0.0541,0.1964,2.6,34.6,53.9,17.7,low-left
26-27-prem-arsenal-vs-leeds-united,15,42,,True,26.0,,miss,assisted,head,0.0776,,8.3,43.2,42.2,87.5,high-right
26-27-prem-arsenal-vs-leeds-united,16,35,,False,338.0,,save,set-piece,head,0.0059,0.0354,18.3,65.4,48.2,23.4,high-centre
26-27-prem-arsenal-vs-leeds-united,17,29,,True,16.0,,miss,assisted,right-foot,0.134,,11.9,43.8,6.2,4.2,right
26-27-prem-arsenal-vs-leeds-united,18,27,,False,330.0,,save,regular,right-foot,0.1911,0.177,4.2,41.2,50.3,15.8,low-centre
26-27-prem-arsenal-vs-leeds-united,19,25,,False,335.0,,block,assisted,right-foot,0.0746,,4.5,62.2,50.8,19.0,low-centre
26-27-prem-arsenal-vs-leeds-united,20,23,,True,7.0,,block,assisted,left-foot,0.0198,,23.8,47.4,51.8,19.0,low-left
26-27-prem-arsenal-vs-leeds-united,21,21,,True,26.0,,save,assisted,head,0.1785,0.3398,8.9,54.9,51.1,11.4,low-centre
26-27-prem-arsenal-vs-leeds-united,22,8,,False,336.0,,block,set-piece,right-foot,0.0503,,14.8,40.7,52.7,19.0,low-left
26-27-prem-arsenal-vs-leeds-united,23,8,,False,332.0,,block,set-piece,head,0.0127,,12.7,58.8,50.3,19.0,low-centre
