player_id,match_id,minutes_played,goals,assists,total_shots,xg,xa,shots_on_target,successful_dribbles,big_chances_missed,touches_opposition_box,touches,accurate_passes,accurate_passes_percent,chances_created,final_third_passes,accurate_crosses,accurate_crosses_percent,accurate_long_balls,accurate_long_balls_percent,tackles_won,interceptions,recoveries,blocks,clearances,headed_clearances,dribbled_past,duels_won,duels_lost,ground_duels_won,ground_duels_won_percent,aerial_duels_won,aerial_duels_won_percent,was_fouled,fouls_committed,saves,goals_conceded,xgot_faced,goals_prevented,sweeper_actions,gk_accurate_passes,gk_accurate_long_balls,dispossessed,high_claim,corners,saves_inside_box,offsides,successful_dribbles_percent,tackles_won_percent,xgot,tackles,start_min,finish_min,team_goals_conceded,penalties_scored,penalties_missed,top_speed,distance_covered,walking_distance,running_distance,sprinting_distance,number_of_sprints,defensive_contributions
2,26-27-prem-arsenal-vs-leeds-united,0.0,,,,,,,,,,,,,,,,,,,,,,,,,,,,,,,,,,,,,,,,,,,,,,,,,,,,1,0.0,0,,,,,,,
629,26-27-prem-arsenal-vs-leeds-united,0.0,,,,,,,,,,,,,,,,,,,,,,,,,,,,,,,,,,,,,,,,,,,,,,,,,,,,2,0.0,0,,,,,,,
14,26-27-prem-arsenal-vs-leeds-united,0.0,,,,,,,,,,,,,,,,,,,,,,,,,,,,,,,,,,,,,,,,,,,,,,,,,,,,1,0.0,0,,,,,,,
339,26-27-prem-arsenal-vs-leeds-united,0.0,,,,,,,,,,,,,,,,,,,,,,,,,,,,,,,,,,,,,,,,,,,,,,,,,,,,2,0.0,0,,,,,,,
19,26-27-prem-arsenal-vs-leeds-united,0.0,,,,,,,,,,,,,,,,,,,,,,,,,,,,,,,,,,,,,,,,,,,,,,,,,,,,1,0.0,0,,,,,,,
344,26-27-prem-arsenal-vs-leeds-united,0.0,,,,,,,,,,,,,,,,,,,,,,,,,,,,,,,,,,,,,,,,,,,,,,,,,,,,2,0.0,0,,,,,,,
641,26-27-prem-arsenal-vs-leeds-united,0.0,,,,,,,,,,,,,,,,,,,,,,,,,,,,,,,,,,,,,,,,,,,,,,,,,,,,2,0.0,0,,,,,,,
20,26-27-prem-arsenal-vs-leeds-united,0.0,,,,,,,,,,,,,,,,,,,,,,,,,,,,,,,,,,,,,,,,,,,,,,,,,,,,1,0.0,0,,,,,,,
260,26-27-prem-arsenal-vs-leeds-united,19.0,0.0,0.0,,,,,,,0.0,8.0,3.0,50.0,0.0,2.0,,,0.0,0.0,0.0,0.0,0.0,0.0,0.0,,1.0,1.0,3.0,1.0,33.0,0.0,0.0,1.0,1.0,,,,,,,,0.0,,,,,,,,,71,90,0,0.0,0,30.7000007629395,3016.0,,721.0,46.0,3.0,
598,26-27-prem-arsenal-vs-leeds-united,86.0,0.0,0.0,,,,,,,0.0,33.0,23.0,85.0,0.0,1.0,,,1.0,50.0,1.0,1.0,2.0,0.0,3.0,2.0,0.0,2.0,2.0,1.0,50.0,1.0,50.0,,1.0,,,,,,,,0.0,,,,,,,,,0,86,2,0.0,0,30.8999996185303,9693.0,,1893.0,164.0,8.0,
334,26-27-prem-arsenal-vs-leeds-united,90.0,0.0,0.0,,,,,,,1.0,61.0,46.0,92.0,0.0,4.0,,,2.0,50.0,0.0,1.0,3.0,0.0,8.0,3.0,0.0,5.0,3.0,0.0,0.0,5.0,71.0,,1.0,,,,,,,,0.0,,,,,,,,,0,90,2,0.0,0,32.2000007629395,11185.0,,2224.0,274.0,12.0,
15,26-27-prem-arsenal-vs-leeds-united,89.0,0.0,0.0,2.0,0.94,0.09,2.0,,,3.0,75.0,53.0,88.0,0.0,10.0,0.0,0.0,3.0,60.0,0.0,1.0,5.0,0.0,0.0,,0.0,1.0,3.0,1.0,33.0,0.0,0.0,1.0,0.0,,,,,,,,1.0,,,,,,,0.85,,0,90,1,0.0,0,30.0,12109.0,,3062.0,257.0,11.0,
12,26-27-prem-arsenal-vs-leeds-united,90.0,0.0,0.0,2.0,0.3,0.06,1.0,,,7.0,56.0,27.0,79.0,2.0,3.0,0.0,0.0,0.0,0.0,1.0,0.0,4.0,1.0,2.0,,0.0,4.0,4.0,4.0,57.0,0.0,0.0,3.0,2.0,,,,,,,,0.0,,,,,,,0.64,,0,90,1,0.0,0,32.5,11045.0,,2554.0,406.0,20.0,
1,26-27-prem-arsenal-vs-leeds-united,90.0,,,,,,,,,,47.0,,,,2.0,,,,,0.0,0.0,13.0,,1.0,,,2.0,,1.0,100.0,1.0,100.0,1.0,0.0,4.0,1.0,1.35,0.35,1.0,19.0,3.0,,1.0,,2.0,,,,,,0,90,1,0.0,0,25.7999992370605,6245.0,,259.0,3.0,,
17,26-27-prem-arsenal-vs-leeds-united,1.0,0.0,0.0,,,,,,,0.0,2.0,1.0,50.0,0.0,,,,0.0,0.0,0.0,0.0,0.0,0.0,0.0,,0.0,,2.0,,,0.0,0.0,,0.0,,,,,,,,0.0,,,,,,,,,90,90,0,0.0,0,28.7000007629395,880.0,,308.0,33.0,1.0,
346,26-27-prem-arsenal-vs-leeds-united,90.0,0.0,0.0,,,,,,,3.0,35.0,7.0,35.0,0.0,1.0,0.0,0.0,1.0,100.0,0.0,0.0,2.0,0.0,2.0,1.0,0.0,9.0,11.0,4.0,40.0,5.0,50.0,2.0,3.0,,,,,,,,1.0,,,,,,,,,0,90,2,0.0,0,31.2999992370605,10992.0,,2246.0,202.0,10.0,
13,26-27-prem-arsenal-vs-leeds-united,90.0,0.0,1.0,,,0.08,,,,4.0,87.0,63.0,89.0,1.0,10.0,0.0,0.0,1.0,25.0,2.0,1.0,3.0,0.0,4.0,3.0,0.0,9.0,4.0,6.0,75.0,3.0,60.0,2.0,1.0,,,,,,,,1.0,,,,,,,,,0,90,1,0.0,0,29.0,11705.0,,2378.0,257.0,13.0,
25,26-27-prem-arsenal-vs-leeds-united,27.0,0.0,0.0,,,0.01,,,,0.0,12.0,7.0,100.0,2.0,1.0,,,1.0,100.0,1.0,0.0,3.0,0.0,0.0,,0.0,1.0,3.0,1.0,33.0,0.0,0.0,,1.0,,,,,,,,1.0,,,,,,,,,63,90,0,0.0,0,33.0999984741211,3904.0,,701.0,183.0,8.0,
332,26-27-prem-arsenal-vs-leeds-united,79.0,1.0,0.0,3.0,0.17,,1.0,,,2.0,39.0,21.0,81.0,0.0,2.0,0.0,0.0,1.0,50.0,1.0,1.0,3.0,1.0,2.0,,2.0,3.0,5.0,2.0,33.0,1.0,50.0,2.0,2.0,,,,,,,,0.0,,,,,,,0.8,,0,79,2,0.0,0,31.0,10133.0,,2234.0,426.0,17.0,
31,26-27-prem-arsenal-vs-leeds-united,90.0,0.0,0.0,,,,,,,0.0,72.0,50.0,91.0,0.0,5.0,,,1.0,25.0,3.0,2.0,3.0,0.0,5.0,3.0,1.0,9.0,8.0,7.0,64.0,2.0,33.0,3.0,2.0,,,,,,,,1.0,,,,,,,,,0,90,1,0.0,0,30.0,10388.0,,1719.0,124.0,7.0,
331,26-27-prem-arsenal-vs-leeds-united,90.0,0.0,1.0,2.0,0.07,0.05,1.0,,,2.0,42.0,14.0,82.0,2.0,4.0,2.0,33.0,1.0,50.0,1.0,3.0,3.0,0.0,0.0,,0.0,2.0,2.0,2.0,50.0,0.0,,1.0,1.0,,,,,,,,1.0,,,,,,,0.2,,0,90,2,0.0,0,32.0999984741211,11381.0,,2595.0,343.0,16.0,
26,26-27-prem-arsenal-vs-leeds-united,63.0,0.0,0.0,2.0,0.26,0.02,1.0,,,4.0,23.0,16.0,89.0,0.0,,,,,,0.0,0.0,0.0,0.0,0.0,,0.0,2.0,1.0,,,2.0,67.0,,0.0,,,,,,,,0.0,,,,,,,0.34,,0,63,1,0.0,0,32.9000015258789,8183.0,,1860.0,176.0,9.0,
10,26-27-prem-arsenal-vs-leeds-united,63.0,0.0,1.0,,,0.28,,,,1.0,53.0,25.0,76.0,1.0,8.0,0.0,0.0,1.0,17.0,3.0,0.0,4.0,0.0,1.0,,0.0,6.0,1.0,5.0,83.0,1.0,100.0,2.0,0.0,,,,,,,,1.0,,,,,,,,,0,63,1,0.0,0,30.8999996185303,7795.0,,1751.0,154.0,7.0,
338,26-27-prem-arsenal-vs-leeds-united,90.0,0.0,0.0,1.0,0.01,0.03,1.0,,,0.0,64.0,38.0,84.0,2.0,6.0,0.0,0.0,1.0,50.0,1.0,2.0,2.0,0.0,1.0,1.0,0.0,5.0,2.0,3.0,60.0,2.0,100.0,2.0,2.0,,,,,,,,0.0,,,,,,,0.04,,0,90,2,0.0,0,30.3999996185303,12324.0,,3029.0,246.0,9.0,
330,26-27-prem-arsenal-vs-leeds-united,86.0,0.0,0.0,1.0,0.19,0.03,1.0,,,3.0,38.0,21.0,81.0,2.0,4.0,2.0,50.0,2.0,50.0,0.0,0.0,5.0,0.0,1.0,1.0,2.0,3.0,3.0,2.0,40.0,1.0,100.0,1.0,1.0,,,,,,,,1.0,,,,,,,0.18,,0,86,2,0.0,0,32.7999992370605,10819.0,,2643.0,265.0,11.0,
4,26-27-prem-arsenal-vs-leeds-united,90.0,0.0,0.0,,,0.01,,,,0.0,69.0,47.0,81.0,0.0,6.0,,,1.0,25.0,0.0,0.0,1.0,0.0,5.0,5.0,1.0,3.0,8.0,1.0,33.0,2.0,25.0,1.0,1.0,,,,,,,,0.0,,,,,,,,,0,90,1,0.0,0,28.0,11106.0,,2154.0,88.0,5.0,
452,26-27-prem-arsenal-vs-leeds-united,27.0,1.0,0.0,1.0,0.1,0.07,1.0,,,1.0,30.0,20.0,95.0,0.0,3.0,,,1.0,100.0,0.0,0.0,5.0,0.0,1.0,1.0,0.0,4.0,2.0,3.0,75.0,1.0,50.0,3.0,1.0,,,,,,,,0.0,,,,,,,0.35,,63,90,0,0.0,0,28.2000007629395,4106.0,,1020.0,38.0,2.0,
347,26-27-prem-arsenal-vs-leeds-united,11.0,0.0,0.0,,,,,,,0.0,3.0,1.0,50.0,0.0,1.0,,,,,0.0,0.0,2.0,0.0,0.0,,0.0,,1.0,0.0,0.0,0.0,,,0.0,,,,,,,,0.0,,,,,,,,,79,90,0,0.0,0,28.0,1915.0,,415.0,41.0,2.0,
327,26-27-prem-arsenal-vs-leeds-united,4.0,0.0,0.0,,,,,,,1.0,12.0,9.0,90.0,0.0,,,,,,0.0,1.0,0.0,1.0,0.0,,0.0,2.0,,,,2.0,100.0,,0.0,,,,,,,,0.0,,,,,,,,,86,90,0,0.0,0,23.8999996185303,1231.0,,275.0,,,
335,26-27-prem-arsenal-vs-leeds-united,90.0,0.0,0.0,2.0,0.1,0.17,0.0,,,2.0,50.0,28.0,88.0,1.0,5.0,2.0,29.0,2.0,100.0,3.0,0.0,3.0,1.0,0.0,,0.0,8.0,4.0,5.0,56.0,3.0,100.0,2.0,3.0,,,,,,,,1.0,,,,,,,,,0,90,2,0.0,0,31.7999992370605,12600.0,,2861.0,388.0,16.0,
336,26-27-prem-arsenal-vs-leeds-united,71.0,0.0,0.0,1.0,0.05,0.01,0.0,,,1.0,30.0,16.0,84.0,0.0,5.0,0.0,0.0,3.0,75.0,0.0,0.0,2.0,0.0,0.0,,1.0,1.0,7.0,0.0,0.0,1.0,33.0,,1.0,,,,,,,,1.0,,,,,,,,,0,71,2,0.0,0,31.7000007629395,7949.0,,1785.0,222.0,12.0,
16,26-27-prem-arsenal-vs-leeds-united,90.0,0.0,0.0,3.0,0.22,0.3,0.0,,,8.0,59.0,33.0,85.0,3.0,1.0,5.0,83.0,1.0,50.0,0.0,1.0,3.0,0.0,0.0,,1.0,3.0,3.0,2.0,40.0,1.0,100.0,,1.0,,,,,,,,1.0,,,,,,,,,0,90,1,0.0,0,34.0,11109.0,,2418.0,605.0,27.0,
345,26-27-prem-arsenal-vs-leeds-united,71.0,0.0,0.0,1.0,0.09,,1.0,,,0.0,31.0,15.0,83.0,0.0,1.0,0.0,0.0,0.0,0.0,2.0,1.0,4.0,0.0,0.0,,0.0,3.0,3.0,3.0,50.0,0.0,,1.0,2.0,,,,,,,,1.0,,,,,,,0.14,,0,71,2,0.0,0,30.2000007629395,8860.0,,2336.0,180.0,10.0,
5,26-27-prem-arsenal-vs-leeds-united,27.0,0.0,0.0,,,0.05,,,,2.0,9.0,3.0,60.0,0.0,,1.0,100.0,0.0,0.0,0.0,0.0,1.0,0.0,1.0,1.0,0.0,1.0,1.0,0.0,0.0,1.0,100.0,,1.0,,,,,,,,0.0,,,,,,,,,63,90,0,0.0,0,32.2999992370605,3664.0,,830.0,179.0,4.0,
337,26-27-prem-arsenal-vs-leeds-united,19.0,0.0,0.0,,,,,,,1.0,9.0,4.0,100.0,0.0,1.0,,,,,1.0,0.0,1.0,0.0,1.0,,0.0,1.0,6.0,1.0,33.0,0.0,0.0,,2.0,,,,,,,,0.0,,,,,,,,,71,90,0,0.0,0,28.5,3346.0,,959.0,61.0,3.0,
8,26-27-prem-arsenal-vs-leeds-united,82.0,1.0,0.0,2.0,0.74,0.06,1.0,,,4.0,44.0,20.0,80.0,2.0,,1.0,50.0,0.0,0.0,2.0,0.0,1.0,0.0,2.0,1.0,0.0,4.0,5.0,3.0,60.0,1.0,25.0,,1.0,,,,,,,,1.0,,,,,,,0.79,,0,82,1,0.0,0,28.5,10638.0,,2868.0,132.0,4.0,
9,26-27-prem-arsenal-vs-leeds-united,8.0,0.0,0.0,,,,,,,0.0,11.0,4.0,100.0,0.0,1.0,,,,,0.0,0.0,0.0,0.0,3.0,1.0,0.0,1.0,,,,1.0,100.0,,0.0,,,,,,,,0.0,,,,,,,,,82,90,0,0.0,0,28.7000007629395,1774.0,,423.0,40.0,2.0,
385,26-27-prem-arsenal-vs-leeds-united,90.0,,,,,0.01,,,,,65.0,,,,19.0,,,,,0.0,0.0,14.0,,1.0,,,1.0,1.0,0.0,0.0,1.0,100.0,,0.0,4.0,2.0,2.96,0.96,3.0,29.0,12.0,,1.0,,3.0,,,,,,0,90,2,0.0,0,29.1000003814697,5752.0,,348.0,22.0,2.0,
648,26-27-prem-arsenal-vs-leeds-united,4.0,0.0,0.0,,,,,,,0.0,3.0,2.0,100.0,0.0,,,,,,0.0,0.0,0.0,0.0,0.0,,0.0,,1.0,,,0.0,0.0,,0.0,,,,,,,,0.0,,,,,,,,,86,90,0,0.0,0,32.0999984741211,1275.0,,320.0,50.0,3.0,
7,26-27-prem-arsenal-vs-leeds-united,63.0,0.0,0.0,1.0,0.02,0.12,0.0,,,0.0,59.0,48.0,94.0,0.0,4.0,,,,,0.0,2.0,1.0,1.0,0.0,,0.0,4.0,1.0,3.0,75.0,1.0,100.0,3.0,1.0,,,,,,,,0.0,,,,,,,,,0,63,1,0.0,0,27.3999996185303,7838.0,,1657.0,36.0,3.0,
