match_id,minute,home_xg,away_xg,home_cumulative_xg,away_cumulative_xg
26-27-prem-arsenal-vs-leeds-united,8,0.0,0.063,0.0,0.063
26-27-prem-arsenal-vs-leeds-united,21,0.178,0.0,0.178,0.063
26-27-prem-arsenal-vs-leeds-united,23,0.02,0.0,0.198,0.063
26-27-prem-arsenal-vs-leeds-united,25,0.0,0.075,0.198,0.138
26-27-prem-arsenal-vs-leeds-united,27,0.0,0.191,0.198,0.329
26-27-prem-arsenal-vs-leeds-united,29,0.134,0.0,0.332,0.329
26-27-prem-arsenal-vs-leeds-united,35,0.0,0.006,0.332,0.335
26-27-prem-arsenal-vs-leeds-united,42,0.078,0.0,0.41,0.335
26-27-prem-arsenal-vs-leeds-united,44,0.0,0.054,0.41,0.389
26-27-prem-arsenal-vs-leeds-united,45,0.0,0.021,0.41,0.409
26-27-prem-arsenal-vs-leeds-united,51,0.135,0.0,0.545,0.409
26-27-prem-arsenal-vs-leeds-united,52,0.0,0.031,0.545,0.441
26-27-prem-arsenal-vs-leeds-united,53,0.0,0.092,0.545,0.532
26-27-prem-arsenal-vs-leeds-united,55,0.0,0.126,0.545,0.658
26-27-prem-arsenal-vs-leeds-united,62,0.689,0.0,1.234,0.658
26-27-prem-arsenal-vs-leeds-united,64,0.0,0.017,1.234,0.675
26-27-prem-arsenal-vs-leeds-united,67,0.07,0.0,1.304,0.675
26-27-prem-arsenal-vs-leeds-united,70,0.098,0.0,1.402,0.675
26-27-prem-arsenal-vs-leeds-united,75,0.091,0.0,1.493,0.675
26-27-prem-arsenal-vs-leeds-united,83,0.572,0.0,2.065,0.675
26-27-prem-arsenal-vs-leeds-united,90,0.07,0.0,2.135,0.675
